"text","result"
"Armored Vehicle Market Size, Share & Trends Analysis Report By Product (Defense, Commercial), By Application, By Region, And Segment Forecasts, 2019 - 2025","Armored Vehicle Market - Region: global"
"Water Soluble Polymer Market, by Type  Report","Water Soluble Polymer Market - Region: global"
"WIRELESS ROUTER MARKET - GROWTH, TRENDS, COVID-19 IMPACT, AND FORECASTS (2021 - 2026)","WIRELESS ROUTER MARKET - Region: global"
"PROPERTY & CASUALTY INSURANCE MARKET IN SOUTH AMERICA - TRENDS, INDUSTRY COMPETITIVENESS, INNOVATIONS & DISRUPTIONS, AND FORECASTS TO 2022","PROPERTY & CASUALTY INSURANCE MARKET - Region: global"
"Leukemia Therapeutics Market Size, Share & COVID-19 Impact Analysis, By Type of Leukemia (Chronic Myeloid Leukemia (CML), Chronic Lymphocytic Leukemia (CLL), Acute Lymphocytic Leukemia (ALL), Acute Myeloid Leukemia (AML)), By Treatment Type (Chemotherapy, Targeted Therapy), By Route of Administration (Oral Mode and Injectable Mode), By Distribution Channels (Hospital Pharmacy, Retail Pharmacy), and Regional Forecast, 2020-2027","Leukemia Therapeutics Market - Region: global"
"Global Dental X-Ray Equipment Market (Product, Type, Application, End User, and Geography) - Opportunity and Forecast, 2021-2028","Dental X-Ray Equipment Market - Region: global"
"Warehouse Order Picking Market Size, Share & Trends Analysis Report By Solutions (Paper-based, Barcode Scanning/RFID Picking), By Deployment (On-premise, Cloud), By Application, By Region, And Segment Forecasts, 2019 - 2025","Warehouse Order Picking Market - Region: global"
"World Noninvasive Cancer Diagnostics and Technologies Market - Opportunities and Forecasts, 2021-2028","Noninvasive Cancer Diagnostics and Technologies Market - Region: global"
"Instant Beverages Premix Market Report","Instant Beverages Premix Market - Region: global"
"NORTH AMERICA NEUROLOGY DEVICES MARKET - GROWTH, TRENDS, COVID-19 IMPACT, AND FORECASTS (2021 - 2026)","NEUROLOGY DEVICES MARKET - Region: North America"
"EGYPT METAL WORKING INDUSTRY STUDY MARKET - TRENDS, ANALYSIS & FORECASTS TO 2022","METAL WORKING INDUSTRY STUDY MARKET - Region: Egypt"
"Organic Personal Care and Cosmetic Products Market Report","Organic Personal Care and Cosmetic Products Market - Region: global"
"Global Frozen Bakery Market Size By Recipe (Bread, Viennoiserie, Patisserie, Savory Snacks), By Product (Ready-To-Prove, Ready-To-Bake, Fully Baked), By End-User (Convenience Stores, Hypermarkets & Supermarkets, Artisans Bakers, Hotels, Restaurants, And Catering [HORECA], Bakery Chains) Industry Analysis Report, Regional Outlook, Growth Potential, Price Trends, Competitive Market Share & Forecast, 2018 – 2024","Frozen Bakery Market - Region: global"
"GLOBAL PHARMACEUTICAL LOGISTICS MARKET - GROWTH, TRENDS, COVID-19 IMPACT, AND FORECASTS (2021 - 2026)","PHARMACEUTICAL LOGISTICS MARKET - Region: global"
"Linux Operating System Market Size, Share & Covid-19 Impact Analysis, By Distribution (Virtual Machines, Servers and Desktops), By End-use (Commercial/Enterprise and Individual), and Regional Forecast, 2020-2027","Linux Operating System Market - Region: global"
"Narcolepsy Therapeutics Market Analysis By Type (Cataplexy and Without Cataplexy), By Product (Central Nervous System Stimulants, Sodium Oxybate, Tricyclic Antidepressants), And Segment Forecasts, 2018 - 2025","Narcolepsy Therapeutics Market - Region: global"
"UNITED STATES DIGESTIVE SUPPLEMENTS MARKET - GROWTH, TRENDS, COVID-19 IMPACT, AND FORECASTS (2021 - 2026)","DIGESTIVE SUPPLEMENTS MARKET - Region: United States"
"Forklift Trucks Market Size, Share & Industry Analysis, By Type (Class I, Class II, Class III, Class IV, Class V), By Application (Mining, Logistics, Construction, Food & Beverage, Natural Resources, Manufacturing, Others (Agriculture, etc.)) and Regional Forecast, 2019-2026","Forklift Trucks Market - Region: global"
"Sonobuoy Market by Technology (BT, SAR, DICASS, DLC, DIFAR, LOFAR, EER, ADAR, VLAD), Function (Active, Passive, Special Purpose), By Application (Defense, Commercial), Size (A, B, C), Deployment (Spring, Pneumatic, Free Fall, Cartridge) & Geography - Global Trends and Forecasts to 2020","Sonobuoy Market - Region: global"
"Diaphragm Pump Market Size, Share & Trends Analysis Report By End Use (Oil & Gas, Water & Wastewater), By Mechanism (Electrically Operated, Air Operated), By Operation (Single, Double Acting), And Segment Forecasts, 2018 - 2025","Diaphragm Pump Market - Region: global"
"INDIA FOOD FLAVOR AND ENHANCER MARKET - GROWTH, TRENDS AND FORECAST (2020 - 2025)","FOOD FLAVOR AND ENHANCER MARKET - Region: India"
"INDONESIA GLASS PACKAGING MARKET - BY PRODUCTS (BOTTLES, JARS, VIALS), INDUSTRY, TRENDS, FORECAST - (2020 - 2025)","GLASS PACKAGING MARKET - Region: Indonesia"
"New Zealand Metal Fabrication Equipment Market Outlook to 2022","Metal Fabrication Equipment Market - Region: New Zealand"
"Inertial Navigation System Market by Grade (Marine, Navigation, Tactical, Space, Commercial), Technology (Mechanical, Ring Laser, Fiber Optic, MEMs), Application (Aircraft, Missile, Marine, UAV, UGV, UMV), Component, and Region - Global Forecast to 2022","Inertial Navigation System Market - Region: global"
"EGYPT SOFT DRINKS PACKAGING MARKET - BY PACKAGING MATERIAL (GLASS, PAPER, PAPER, PLASTIC), PRODUCTS (CANS, BOTTLES, POUCHES, BOXES), TYPE OF BEVERAGE (CARBONATED DRINKS, MILK, WATER, JUICES, ENERGY DRINKS, ALCOHOLIC DRINKS), TRENDS, FORECAST - (2017","SOFT DRINKS PACKAGING MARKET - Region: Egypt"
"ALCOHOLIC DRINKS PACKAGING MARKET - GROWTH, TRENDS, COVID-19 IMPACT, AND FORECASTS (2021 - 2026)","ALCOHOLIC DRINKS PACKAGING MARKET - Region: global"
"Zoonotic Disease Treatment Market Size, Share & Trends Analysis Report By Type Of Sickness, By Type Of Medication, By Region, And Segment Forecasts, 2019 To 2025","Zoonotic Disease Treatment Market - Region: global"
"3D Printing Metal Market Report","3D Printing Metal Market - Region: global"
"CZECH REPUBLIC THIRD-PARTY LOGISTICS (3PL) MARKET - GROWTH, TRENDS, COVID-19 IMPACT, AND FORECASTS (2021 - 2026)","THIRD-PARTY LOGISTICS (3PL) MARKET - Region: Czech Republic"
"North America Colorectal Cancer Screening Market - Growth, Trends, COVID-19 Impact, and Forecasts (2021 - 2026)","Colorectal Cancer Screening Market - Region: North America"
